dataset,mode,fold,split,threshold,temperature,acc,bal_acc,f1_macro,auc,recall_0,recall_1,tn,fp,fn,tp,n,run_dir,data_root,used_ckpts
busi,oracle,0,val,0.76,1.4452080726623535,0.9134615384615384,0.9102564102564104,0.9081542537533117,0.9633136094674557,0.9230769230769231,0.8974358974358975,60,5,4,35,104,<LOCAL_THYROID_ROOT>\busi_roi_runs_ggg_mca_clean_5fold_safe\20260426_165335,<LOCAL_THYROID_ROOT>\busi\busi_voc_v3_square_consistent,<LOCAL_THYROID_ROOT>\busi_roi_runs_ggg_mca_clean_5fold_safe\20260426_165335\epoch200_auc_0.9578.pth|<LOCAL_THYROID_ROOT>\busi_roi_runs_ggg_mca_clean_5fold_safe\20260426_165335\epoch199_auc_0.9574.pth|<LOCAL_THYROID_ROOT>\busi_roi_runs_ggg_mca_clean_5fold_safe\20260426_165335\epoch198_auc_0.9570.pth
busi,oracle,0,test,0.76,1.4452080726623535,0.8062015503875969,0.7814685314685315,0.7898338220918866,0.9033466533466534,0.9090909090909091,0.6538461538461539,70,7,18,34,129,<LOCAL_THYROID_ROOT>\busi_roi_runs_ggg_mca_clean_5fold_safe\20260426_165335,<LOCAL_THYROID_ROOT>\busi\busi_voc_v3_square_consistent,<LOCAL_THYROID_ROOT>\busi_roi_runs_ggg_mca_clean_5fold_safe\20260426_165335\epoch200_auc_0.9578.pth|<LOCAL_THYROID_ROOT>\busi_roi_runs_ggg_mca_clean_5fold_safe\20260426_165335\epoch199_auc_0.9574.pth|<LOCAL_THYROID_ROOT>\busi_roi_runs_ggg_mca_clean_5fold_safe\20260426_165335\epoch198_auc_0.9570.pth
busi,oracle,1,val,0.63,1.9401170015335083,0.8461538461538461,0.8325652841781874,0.8375,0.8882488479262673,0.9032258064516129,0.7619047619047619,56,6,10,32,104,<LOCAL_THYROID_ROOT>\busi_roi_runs_ggg_mca_clean_5fold_safe\20260426_173346,<LOCAL_THYROID_ROOT>\busi\busi_voc_v3_square_consistent,<LOCAL_THYROID_ROOT>\busi_roi_runs_ggg_mca_clean_5fold_safe\20260426_173346\epoch198_auc_0.8909.pth|<LOCAL_THYROID_ROOT>\busi_roi_runs_ggg_mca_clean_5fold_safe\20260426_173346\epoch197_auc_0.8906.pth|<LOCAL_THYROID_ROOT>\busi_roi_runs_ggg_mca_clean_5fold_safe\20260426_173346\epoch195_auc_0.8902.pth
busi,oracle,1,test,0.63,1.9401170015335083,0.813953488372093,0.8004495504495504,0.8040506329113923,0.9058441558441558,0.8701298701298701,0.7307692307692307,67,10,14,38,129,<LOCAL_THYROID_ROOT>\busi_roi_runs_ggg_mca_clean_5fold_safe\20260426_173346,<LOCAL_THYROID_ROOT>\busi\busi_voc_v3_square_consistent,<LOCAL_THYROID_ROOT>\busi_roi_runs_ggg_mca_clean_5fold_safe\20260426_173346\epoch198_auc_0.8909.pth|<LOCAL_THYROID_ROOT>\busi_roi_runs_ggg_mca_clean_5fold_safe\20260426_173346\epoch197_auc_0.8906.pth|<LOCAL_THYROID_ROOT>\busi_roi_runs_ggg_mca_clean_5fold_safe\20260426_173346\epoch195_auc_0.8902.pth
busi,oracle,2,val,0.67,1.9462027549743652,0.8365384615384616,0.834375,0.8295903614457831,0.915234375,0.84375,0.825,54,10,7,33,104,<LOCAL_THYROID_ROOT>\busi_roi_runs_ggg_mca_clean_5fold_safe\20260426_181344,<LOCAL_THYROID_ROOT>\busi\busi_voc_v3_square_consistent,<LOCAL_THYROID_ROOT>\busi_roi_runs_ggg_mca_clean_5fold_safe\20260426_181344\epoch199_auc_0.9137.pth|<LOCAL_THYROID_ROOT>\busi_roi_runs_ggg_mca_clean_5fold_safe\20260426_181344\epoch196_auc_0.9133.pth|<LOCAL_THYROID_ROOT>\busi_roi_runs_ggg_mca_clean_5fold_safe\20260426_181344\epoch195_auc_0.9129.pth
busi,oracle,2,test,0.67,1.9462027549743652,0.813953488372093,0.8004495504495504,0.8040506329113923,0.9083416583416584,0.8701298701298701,0.7307692307692307,67,10,14,38,129,<LOCAL_THYROID_ROOT>\busi_roi_runs_ggg_mca_clean_5fold_safe\20260426_181344,<LOCAL_THYROID_ROOT>\busi\busi_voc_v3_square_consistent,<LOCAL_THYROID_ROOT>\busi_roi_runs_ggg_mca_clean_5fold_safe\20260426_181344\epoch199_auc_0.9137.pth|<LOCAL_THYROID_ROOT>\busi_roi_runs_ggg_mca_clean_5fold_safe\20260426_181344\epoch196_auc_0.9133.pth|<LOCAL_THYROID_ROOT>\busi_roi_runs_ggg_mca_clean_5fold_safe\20260426_181344\epoch195_auc_0.9129.pth
busi,oracle,3,val,0.46,2.001189708709717,0.8640776699029126,0.8455528846153846,0.8523751023751024,0.8878205128205128,0.921875,0.7692307692307693,59,5,9,30,103,<LOCAL_THYROID_ROOT>\busi_roi_runs_ggg_mca_clean_5fold_safe\20260426_185347,<LOCAL_THYROID_ROOT>\busi\busi_voc_v3_square_consistent,<LOCAL_THYROID_ROOT>\busi_roi_runs_ggg_mca_clean_5fold_safe\20260426_185347\epoch122_auc_0.8902.pth|<LOCAL_THYROID_ROOT>\busi_roi_runs_ggg_mca_clean_5fold_safe\20260426_185347\epoch114_auc_0.8898.pth|<LOCAL_THYROID_ROOT>\busi_roi_runs_ggg_mca_clean_5fold_safe\20260426_185347\epoch113_auc_0.8894.pth
busi,oracle,3,test,0.46,2.001189708709717,0.7984496124031008,0.7874625374625375,0.7892156862745099,0.8768731268731269,0.8441558441558441,0.7307692307692307,65,12,14,38,129,<LOCAL_THYROID_ROOT>\busi_roi_runs_ggg_mca_clean_5fold_safe\20260426_185347,<LOCAL_THYROID_ROOT>\busi\busi_voc_v3_square_consistent,<LOCAL_THYROID_ROOT>\busi_roi_runs_ggg_mca_clean_5fold_safe\20260426_185347\epoch122_auc_0.8902.pth|<LOCAL_THYROID_ROOT>\busi_roi_runs_ggg_mca_clean_5fold_safe\20260426_185347\epoch114_auc_0.8898.pth|<LOCAL_THYROID_ROOT>\busi_roi_runs_ggg_mca_clean_5fold_safe\20260426_185347\epoch113_auc_0.8894.pth
busi,oracle,4,val,0.77,1.593265175819397,0.8932038834951457,0.8807539682539682,0.8859357696566998,0.9448412698412698,0.9365079365079365,0.825,59,4,7,33,103,<LOCAL_THYROID_ROOT>\busi_roi_runs_ggg_mca_clean_5fold_safe\20260426_192506,<LOCAL_THYROID_ROOT>\busi\busi_voc_v3_square_consistent,<LOCAL_THYROID_ROOT>\busi_roi_runs_ggg_mca_clean_5fold_safe\20260426_192506\epoch200_auc_0.9440.pth|<LOCAL_THYROID_ROOT>\busi_roi_runs_ggg_mca_clean_5fold_safe\20260426_192506\epoch187_auc_0.9433.pth|<LOCAL_THYROID_ROOT>\busi_roi_runs_ggg_mca_clean_5fold_safe\20260426_192506\epoch185_auc_0.9425.pth
busi,oracle,4,test,0.77,1.593265175819397,0.8372093023255814,0.8105644355644356,0.8217411331183786,0.9043456543456543,0.948051948051948,0.6730769230769231,73,4,17,35,129,<LOCAL_THYROID_ROOT>\busi_roi_runs_ggg_mca_clean_5fold_safe\20260426_192506,<LOCAL_THYROID_ROOT>\busi\busi_voc_v3_square_consistent,<LOCAL_THYROID_ROOT>\busi_roi_runs_ggg_mca_clean_5fold_safe\20260426_192506\epoch200_auc_0.9440.pth|<LOCAL_THYROID_ROOT>\busi_roi_runs_ggg_mca_clean_5fold_safe\20260426_192506\epoch187_auc_0.9433.pth|<LOCAL_THYROID_ROOT>\busi_roi_runs_ggg_mca_clean_5fold_safe\20260426_192506\epoch185_auc_0.9425.pth
busi,auto,0,val,0.62,1.542214274406433,0.8942307692307693,0.9051282051282051,0.8905786704925873,0.9495069033530571,0.8615384615384616,0.9487179487179487,56,9,2,37,104,<LOCAL_THYROID_ROOT>\busi_roi_runs_ggg_mca_clean_5fold_safe\20260426_165335,<LOCAL_THYROID_ROOT>\eval_reports\busi_aul_detector_box_quality_auto_20260504_165040\pred_voc_roots\busi_fold0_predbox,<LOCAL_THYROID_ROOT>\busi_roi_runs_ggg_mca_clean_5fold_safe\20260426_165335\epoch200_auc_0.9578.pth|<LOCAL_THYROID_ROOT>\busi_roi_runs_ggg_mca_clean_5fold_safe\20260426_165335\epoch199_auc_0.9574.pth|<LOCAL_THYROID_ROOT>\busi_roi_runs_ggg_mca_clean_5fold_safe\20260426_165335\epoch198_auc_0.9570.pth
busi,auto,0,test,0.62,1.542214274406433,0.8294573643410853,0.8165584415584415,0.820379746835443,0.8766233766233766,0.8831168831168831,0.75,68,9,13,39,129,<LOCAL_THYROID_ROOT>\busi_roi_runs_ggg_mca_clean_5fold_safe\20260426_165335,<LOCAL_THYROID_ROOT>\eval_reports\busi_aul_detector_box_quality_auto_20260504_165040\pred_voc_roots\busi_fold0_predbox,<LOCAL_THYROID_ROOT>\busi_roi_runs_ggg_mca_clean_5fold_safe\20260426_165335\epoch200_auc_0.9578.pth|<LOCAL_THYROID_ROOT>\busi_roi_runs_ggg_mca_clean_5fold_safe\20260426_165335\epoch199_auc_0.9574.pth|<LOCAL_THYROID_ROOT>\busi_roi_runs_ggg_mca_clean_5fold_safe\20260426_165335\epoch198_auc_0.9570.pth
busi,auto,1,val,0.69,2.209771156311035,0.8365384615384616,0.8168202764976958,0.8247248934271836,0.8629032258064516,0.9193548387096774,0.7142857142857143,57,5,12,30,104,<LOCAL_THYROID_ROOT>\busi_roi_runs_ggg_mca_clean_5fold_safe\20260426_173346,<LOCAL_THYROID_ROOT>\eval_reports\busi_aul_detector_box_quality_auto_20260504_165040\pred_voc_roots\busi_fold1_predbox,<LOCAL_THYROID_ROOT>\busi_roi_runs_ggg_mca_clean_5fold_safe\20260426_173346\epoch198_auc_0.8909.pth|<LOCAL_THYROID_ROOT>\busi_roi_runs_ggg_mca_clean_5fold_safe\20260426_173346\epoch197_auc_0.8906.pth|<LOCAL_THYROID_ROOT>\busi_roi_runs_ggg_mca_clean_5fold_safe\20260426_173346\epoch195_auc_0.8902.pth
busi,auto,1,test,0.69,2.209771156311035,0.7984496124031008,0.7656093906093906,0.7758021390374332,0.8728771228771229,0.935064935064935,0.5961538461538461,72,5,21,31,129,<LOCAL_THYROID_ROOT>\busi_roi_runs_ggg_mca_clean_5fold_safe\20260426_173346,<LOCAL_THYROID_ROOT>\eval_reports\busi_aul_detector_box_quality_auto_20260504_165040\pred_voc_roots\busi_fold1_predbox,<LOCAL_THYROID_ROOT>\busi_roi_runs_ggg_mca_clean_5fold_safe\20260426_173346\epoch198_auc_0.8909.pth|<LOCAL_THYROID_ROOT>\busi_roi_runs_ggg_mca_clean_5fold_safe\20260426_173346\epoch197_auc_0.8906.pth|<LOCAL_THYROID_ROOT>\busi_roi_runs_ggg_mca_clean_5fold_safe\20260426_173346\epoch195_auc_0.8902.pth
busi,auto,2,val,0.7,2.2854928970336914,0.8461538461538461,0.8328125,0.8358974358974358,0.8857421875,0.890625,0.775,57,7,9,31,104,<LOCAL_THYROID_ROOT>\busi_roi_runs_ggg_mca_clean_5fold_safe\20260426_181344,<LOCAL_THYROID_ROOT>\eval_reports\busi_aul_detector_box_quality_auto_20260504_165040\pred_voc_roots\busi_fold2_predbox,<LOCAL_THYROID_ROOT>\busi_roi_runs_ggg_mca_clean_5fold_safe\20260426_181344\epoch199_auc_0.9137.pth|<LOCAL_THYROID_ROOT>\busi_roi_runs_ggg_mca_clean_5fold_safe\20260426_181344\epoch196_auc_0.9133.pth|<LOCAL_THYROID_ROOT>\busi_roi_runs_ggg_mca_clean_5fold_safe\20260426_181344\epoch195_auc_0.9129.pth
busi,auto,2,test,0.7,2.2854928970336914,0.813953488372093,0.787962037962038,0.7972760607647983,0.8898601398601398,0.922077922077922,0.6538461538461539,71,6,18,34,129,<LOCAL_THYROID_ROOT>\busi_roi_runs_ggg_mca_clean_5fold_safe\20260426_181344,<LOCAL_THYROID_ROOT>\eval_reports\busi_aul_detector_box_quality_auto_20260504_165040\pred_voc_roots\busi_fold2_predbox,<LOCAL_THYROID_ROOT>\busi_roi_runs_ggg_mca_clean_5fold_safe\20260426_181344\epoch199_auc_0.9137.pth|<LOCAL_THYROID_ROOT>\busi_roi_runs_ggg_mca_clean_5fold_safe\20260426_181344\epoch196_auc_0.9133.pth|<LOCAL_THYROID_ROOT>\busi_roi_runs_ggg_mca_clean_5fold_safe\20260426_181344\epoch195_auc_0.9129.pth
busi,auto,3,val,0.45,2.1043484210968018,0.8446601941747572,0.8249198717948718,0.8312858312858313,0.8701923076923076,0.90625,0.7435897435897436,58,6,10,29,103,<LOCAL_THYROID_ROOT>\busi_roi_runs_ggg_mca_clean_5fold_safe\20260426_185347,<LOCAL_THYROID_ROOT>\eval_reports\busi_aul_detector_box_quality_auto_20260504_165040\pred_voc_roots\busi_fold3_predbox,<LOCAL_THYROID_ROOT>\busi_roi_runs_ggg_mca_clean_5fold_safe\20260426_185347\epoch122_auc_0.8902.pth|<LOCAL_THYROID_ROOT>\busi_roi_runs_ggg_mca_clean_5fold_safe\20260426_185347\epoch114_auc_0.8898.pth|<LOCAL_THYROID_ROOT>\busi_roi_runs_ggg_mca_clean_5fold_safe\20260426_185347\epoch113_auc_0.8894.pth
busi,auto,3,test,0.45,2.1043484210968018,0.7829457364341085,0.7775974025974026,0.775819265143992,0.842907092907093,0.8051948051948052,0.75,62,15,13,39,129,<LOCAL_THYROID_ROOT>\busi_roi_runs_ggg_mca_clean_5fold_safe\20260426_185347,<LOCAL_THYROID_ROOT>\eval_reports\busi_aul_detector_box_quality_auto_20260504_165040\pred_voc_roots\busi_fold3_predbox,<LOCAL_THYROID_ROOT>\busi_roi_runs_ggg_mca_clean_5fold_safe\20260426_185347\epoch122_auc_0.8902.pth|<LOCAL_THYROID_ROOT>\busi_roi_runs_ggg_mca_clean_5fold_safe\20260426_185347\epoch114_auc_0.8898.pth|<LOCAL_THYROID_ROOT>\busi_roi_runs_ggg_mca_clean_5fold_safe\20260426_185347\epoch113_auc_0.8894.pth
busi,auto,4,val,0.72,1.644585132598877,0.8932038834951457,0.8898809523809523,0.8880987654320988,0.9492063492063492,0.9047619047619048,0.875,57,6,5,35,103,<LOCAL_THYROID_ROOT>\busi_roi_runs_ggg_mca_clean_5fold_safe\20260426_192506,<LOCAL_THYROID_ROOT>\eval_reports\busi_aul_detector_box_quality_auto_20260504_165040\pred_voc_roots\busi_fold4_predbox,<LOCAL_THYROID_ROOT>\busi_roi_runs_ggg_mca_clean_5fold_safe\20260426_192506\epoch200_auc_0.9440.pth|<LOCAL_THYROID_ROOT>\busi_roi_runs_ggg_mca_clean_5fold_safe\20260426_192506\epoch187_auc_0.9433.pth|<LOCAL_THYROID_ROOT>\busi_roi_runs_ggg_mca_clean_5fold_safe\20260426_192506\epoch185_auc_0.9425.pth
busi,auto,4,test,0.72,1.644585132598877,0.7906976744186046,0.7716033966033966,0.7769738105910227,0.8801198801198802,0.8701298701298701,0.6730769230769231,67,10,17,35,129,<LOCAL_THYROID_ROOT>\busi_roi_runs_ggg_mca_clean_5fold_safe\20260426_192506,<LOCAL_THYROID_ROOT>\eval_reports\busi_aul_detector_box_quality_auto_20260504_165040\pred_voc_roots\busi_fold4_predbox,<LOCAL_THYROID_ROOT>\busi_roi_runs_ggg_mca_clean_5fold_safe\20260426_192506\epoch200_auc_0.9440.pth|<LOCAL_THYROID_ROOT>\busi_roi_runs_ggg_mca_clean_5fold_safe\20260426_192506\epoch187_auc_0.9433.pth|<LOCAL_THYROID_ROOT>\busi_roi_runs_ggg_mca_clean_5fold_safe\20260426_192506\epoch185_auc_0.9425.pth
busi,full,0,val,0.63,4.005682945251465,0.8365384615384616,0.8435897435897436,0.8308943089430895,0.8690335305719921,0.8153846153846154,0.8717948717948718,53,12,5,34,104,<LOCAL_THYROID_ROOT>\busi_roi_runs_ggg_mca_clean_5fold_safe\20260426_165335,<LOCAL_THYROID_ROOT>\busi\busi_voc_v3_square_consistent,<LOCAL_THYROID_ROOT>\busi_roi_runs_ggg_mca_clean_5fold_safe\20260426_165335\epoch200_auc_0.9578.pth|<LOCAL_THYROID_ROOT>\busi_roi_runs_ggg_mca_clean_5fold_safe\20260426_165335\epoch199_auc_0.9574.pth|<LOCAL_THYROID_ROOT>\busi_roi_runs_ggg_mca_clean_5fold_safe\20260426_165335\epoch198_auc_0.9570.pth
busi,full,0,test,0.63,4.005682945251465,0.7209302325581395,0.7069180819180819,0.7081447963800905,0.7694805194805195,0.7792207792207793,0.6346153846153846,60,17,19,33,129,<LOCAL_THYROID_ROOT>\busi_roi_runs_ggg_mca_clean_5fold_safe\20260426_165335,<LOCAL_THYROID_ROOT>\busi\busi_voc_v3_square_consistent,<LOCAL_THYROID_ROOT>\busi_roi_runs_ggg_mca_clean_5fold_safe\20260426_165335\epoch200_auc_0.9578.pth|<LOCAL_THYROID_ROOT>\busi_roi_runs_ggg_mca_clean_5fold_safe\20260426_165335\epoch199_auc_0.9574.pth|<LOCAL_THYROID_ROOT>\busi_roi_runs_ggg_mca_clean_5fold_safe\20260426_165335\epoch198_auc_0.9570.pth
busi,full,1,val,0.58,5.560818195343018,0.7307692307692307,0.7511520737327189,0.7303703703703703,0.7757296466973886,0.6451612903225806,0.8571428571428571,40,22,6,36,104,<LOCAL_THYROID_ROOT>\busi_roi_runs_ggg_mca_clean_5fold_safe\20260426_173346,<LOCAL_THYROID_ROOT>\busi\busi_voc_v3_square_consistent,<LOCAL_THYROID_ROOT>\busi_roi_runs_ggg_mca_clean_5fold_safe\20260426_173346\epoch198_auc_0.8909.pth|<LOCAL_THYROID_ROOT>\busi_roi_runs_ggg_mca_clean_5fold_safe\20260426_173346\epoch197_auc_0.8906.pth|<LOCAL_THYROID_ROOT>\busi_roi_runs_ggg_mca_clean_5fold_safe\20260426_173346\epoch195_auc_0.8902.pth
busi,full,1,test,0.58,5.560818195343018,0.7364341085271318,0.7292707292707292,0.727780536246276,0.7692307692307693,0.7662337662337663,0.6923076923076923,59,18,16,36,129,<LOCAL_THYROID_ROOT>\busi_roi_runs_ggg_mca_clean_5fold_safe\20260426_173346,<LOCAL_THYROID_ROOT>\busi\busi_voc_v3_square_consistent,<LOCAL_THYROID_ROOT>\busi_roi_runs_ggg_mca_clean_5fold_safe\20260426_173346\epoch198_auc_0.8909.pth|<LOCAL_THYROID_ROOT>\busi_roi_runs_ggg_mca_clean_5fold_safe\20260426_173346\epoch197_auc_0.8906.pth|<LOCAL_THYROID_ROOT>\busi_roi_runs_ggg_mca_clean_5fold_safe\20260426_173346\epoch195_auc_0.8902.pth
busi,full,2,val,0.6,6.421316146850586,0.7692307692307693,0.7703125,0.7621044605413648,0.8080078124999999,0.765625,0.775,49,15,9,31,104,<LOCAL_THYROID_ROOT>\busi_roi_runs_ggg_mca_clean_5fold_safe\20260426_181344,<LOCAL_THYROID_ROOT>\busi\busi_voc_v3_square_consistent,<LOCAL_THYROID_ROOT>\busi_roi_runs_ggg_mca_clean_5fold_safe\20260426_181344\epoch199_auc_0.9137.pth|<LOCAL_THYROID_ROOT>\busi_roi_runs_ggg_mca_clean_5fold_safe\20260426_181344\epoch196_auc_0.9133.pth|<LOCAL_THYROID_ROOT>\busi_roi_runs_ggg_mca_clean_5fold_safe\20260426_181344\epoch195_auc_0.9129.pth
busi,full,2,test,0.6,6.421316146850586,0.7209302325581395,0.7037962037962038,0.7060759493670886,0.7752247752247752,0.7922077922077922,0.6153846153846154,61,16,20,32,129,<LOCAL_THYROID_ROOT>\busi_roi_runs_ggg_mca_clean_5fold_safe\20260426_181344,<LOCAL_THYROID_ROOT>\busi\busi_voc_v3_square_consistent,<LOCAL_THYROID_ROOT>\busi_roi_runs_ggg_mca_clean_5fold_safe\20260426_181344\epoch199_auc_0.9137.pth|<LOCAL_THYROID_ROOT>\busi_roi_runs_ggg_mca_clean_5fold_safe\20260426_181344\epoch196_auc_0.9133.pth|<LOCAL_THYROID_ROOT>\busi_roi_runs_ggg_mca_clean_5fold_safe\20260426_181344\epoch195_auc_0.9129.pth
busi,full,3,val,0.44,2.995537519454956,0.6893203883495146,0.7199519230769231,0.6885865457294029,0.7684294871794871,0.59375,0.8461538461538461,38,26,6,33,103,<LOCAL_THYROID_ROOT>\busi_roi_runs_ggg_mca_clean_5fold_safe\20260426_185347,<LOCAL_THYROID_ROOT>\busi\busi_voc_v3_square_consistent,<LOCAL_THYROID_ROOT>\busi_roi_runs_ggg_mca_clean_5fold_safe\20260426_185347\epoch122_auc_0.8902.pth|<LOCAL_THYROID_ROOT>\busi_roi_runs_ggg_mca_clean_5fold_safe\20260426_185347\epoch114_auc_0.8898.pth|<LOCAL_THYROID_ROOT>\busi_roi_runs_ggg_mca_clean_5fold_safe\20260426_185347\epoch113_auc_0.8894.pth
busi,full,3,test,0.44,2.995537519454956,0.6201550387596899,0.6568431568431569,0.6186885443687036,0.7732267732267734,0.4675324675324675,0.8461538461538461,36,41,8,44,129,<LOCAL_THYROID_ROOT>\busi_roi_runs_ggg_mca_clean_5fold_safe\20260426_185347,<LOCAL_THYROID_ROOT>\busi\busi_voc_v3_square_consistent,<LOCAL_THYROID_ROOT>\busi_roi_runs_ggg_mca_clean_5fold_safe\20260426_185347\epoch122_auc_0.8902.pth|<LOCAL_THYROID_ROOT>\busi_roi_runs_ggg_mca_clean_5fold_safe\20260426_185347\epoch114_auc_0.8898.pth|<LOCAL_THYROID_ROOT>\busi_roi_runs_ggg_mca_clean_5fold_safe\20260426_185347\epoch113_auc_0.8894.pth
busi,full,4,val,0.64,4.471525192260742,0.7669902912621359,0.773015873015873,0.7619414483821263,0.8369047619047619,0.746031746031746,0.8,47,16,8,32,103,<LOCAL_THYROID_ROOT>\busi_roi_runs_ggg_mca_clean_5fold_safe\20260426_192506,<LOCAL_THYROID_ROOT>\busi\busi_voc_v3_square_consistent,<LOCAL_THYROID_ROOT>\busi_roi_runs_ggg_mca_clean_5fold_safe\20260426_192506\epoch200_auc_0.9440.pth|<LOCAL_THYROID_ROOT>\busi_roi_runs_ggg_mca_clean_5fold_safe\20260426_192506\epoch187_auc_0.9433.pth|<LOCAL_THYROID_ROOT>\busi_roi_runs_ggg_mca_clean_5fold_safe\20260426_192506\epoch185_auc_0.9425.pth
busi,full,4,test,0.64,4.471525192260742,0.7131782945736435,0.6941808191808192,0.6967791118734515,0.7812187812187812,0.7922077922077922,0.5961538461538461,61,16,21,31,129,<LOCAL_THYROID_ROOT>\busi_roi_runs_ggg_mca_clean_5fold_safe\20260426_192506,<LOCAL_THYROID_ROOT>\busi\busi_voc_v3_square_consistent,<LOCAL_THYROID_ROOT>\busi_roi_runs_ggg_mca_clean_5fold_safe\20260426_192506\epoch200_auc_0.9440.pth|<LOCAL_THYROID_ROOT>\busi_roi_runs_ggg_mca_clean_5fold_safe\20260426_192506\epoch187_auc_0.9433.pth|<LOCAL_THYROID_ROOT>\busi_roi_runs_ggg_mca_clean_5fold_safe\20260426_192506\epoch185_auc_0.9425.pth
aul,oracle,0,val,0.86,0.04500924050807953,0.8823529411764706,0.925,0.8523166023166023,0.9414772727272727,1.0,0.85,22,0,12,68,102,<LOCAL_THYROID_ROOT>\aul_roi_runs_ggg_mca_clean_5fold_safe\20260426_200624,<LOCAL_THYROID_ROOT>\aul\aul_voc_roi_v1,<LOCAL_THYROID_ROOT>\aul_roi_runs_ggg_mca_clean_5fold_safe\20260426_200624\epoch001_auc_0.9420.pth
aul,oracle,0,test,0.86,0.04500924050807953,0.8188976377952756,0.8678272082527402,0.7989538165049213,0.8778207607994841,0.9696969696969697,0.7659574468085106,32,1,22,72,127,<LOCAL_THYROID_ROOT>\aul_roi_runs_ggg_mca_clean_5fold_safe\20260426_200624,<LOCAL_THYROID_ROOT>\aul\aul_voc_roi_v1,<LOCAL_THYROID_ROOT>\aul_roi_runs_ggg_mca_clean_5fold_safe\20260426_200624\epoch001_auc_0.9420.pth
aul,oracle,1,val,0.8,0.06345020979642868,0.696078431372549,0.7772791686348607,0.6893604479811377,0.7675956542276807,0.9655172413793104,0.589041095890411,28,1,30,43,102,<LOCAL_THYROID_ROOT>\aul_roi_runs_ggg_mca_clean_5fold_safe\20260426_200747,<LOCAL_THYROID_ROOT>\aul\aul_voc_roi_v1,<LOCAL_THYROID_ROOT>\aul_roi_runs_ggg_mca_clean_5fold_safe\20260426_200747\epoch001_auc_0.7681.pth
aul,oracle,1,test,0.8,0.06345020979642868,0.7480314960629921,0.8297872340425532,0.7341705913134484,0.8778207607994841,1.0,0.6595744680851063,33,0,32,62,127,<LOCAL_THYROID_ROOT>\aul_roi_runs_ggg_mca_clean_5fold_safe\20260426_200747,<LOCAL_THYROID_ROOT>\aul\aul_voc_roi_v1,<LOCAL_THYROID_ROOT>\aul_roi_runs_ggg_mca_clean_5fold_safe\20260426_200747\epoch001_auc_0.7681.pth
aul,oracle,2,val,0.86,0.05298493430018425,0.9313725490196079,0.9556962025316456,0.9107834562039235,0.9504678040726472,1.0,0.9113924050632911,23,0,7,72,102,<LOCAL_THYROID_ROOT>\aul_roi_runs_ggg_mca_clean_5fold_safe\20260426_200911,<LOCAL_THYROID_ROOT>\aul\aul_voc_roi_v1,<LOCAL_THYROID_ROOT>\aul_roi_runs_ggg_mca_clean_5fold_safe\20260426_200911\epoch003_auc_0.9516.pth|<LOCAL_THYROID_ROOT>\aul_roi_runs_ggg_mca_clean_5fold_safe\20260426_200911\epoch001_auc_0.9510.pth
aul,oracle,2,test,0.86,0.05298493430018425,0.7716535433070866,0.7375886524822695,0.7212593657761295,0.8758865248226949,0.6666666666666666,0.8085106382978723,22,11,18,76,127,<LOCAL_THYROID_ROOT>\aul_roi_runs_ggg_mca_clean_5fold_safe\20260426_200911,<LOCAL_THYROID_ROOT>\aul\aul_voc_roi_v1,<LOCAL_THYROID_ROOT>\aul_roi_runs_ggg_mca_clean_5fold_safe\20260426_200911\epoch003_auc_0.9516.pth|<LOCAL_THYROID_ROOT>\aul_roi_runs_ggg_mca_clean_5fold_safe\20260426_200911\epoch001_auc_0.9510.pth
aul,oracle,3,val,0.73,0.48519816994667053,0.8316831683168316,0.8658911325724319,0.8261617900172117,0.83099209833187,0.9705882352941176,0.7611940298507462,33,1,16,51,101,<LOCAL_THYROID_ROOT>\aul_roi_runs_ggg_mca_clean_5fold_safe\20260426_201108,<LOCAL_THYROID_ROOT>\aul\aul_voc_roi_v1,<LOCAL_THYROID_ROOT>\aul_roi_runs_ggg_mca_clean_5fold_safe\20260426_201108\epoch008_auc_0.8314.pth|<LOCAL_THYROID_ROOT>\aul_roi_runs_ggg_mca_clean_5fold_safe\20260426_201108\epoch006_auc_0.8310.pth
aul,oracle,3,test,0.73,0.48519816994667053,0.7007874015748031,0.7978723404255319,0.6906410256410256,0.8755641521598968,1.0,0.5957446808510638,33,0,38,56,127,<LOCAL_THYROID_ROOT>\aul_roi_runs_ggg_mca_clean_5fold_safe\20260426_201108,<LOCAL_THYROID_ROOT>\aul\aul_voc_roi_v1,<LOCAL_THYROID_ROOT>\aul_roi_runs_ggg_mca_clean_5fold_safe\20260426_201108\epoch008_auc_0.8314.pth|<LOCAL_THYROID_ROOT>\aul_roi_runs_ggg_mca_clean_5fold_safe\20260426_201108\epoch006_auc_0.8310.pth
aul,oracle,4,val,0.85,0.48407167196273804,0.8811881188118812,0.9210526315789473,0.8603686635944701,0.9231578947368421,1.0,0.8421052631578947,25,0,12,64,101,<LOCAL_THYROID_ROOT>\aul_roi_runs_ggg_mca_clean_5fold_safe\20260426_201414,<LOCAL_THYROID_ROOT>\aul\aul_voc_roi_v1,<LOCAL_THYROID_ROOT>\aul_roi_runs_ggg_mca_clean_5fold_safe\20260426_201414\epoch013_auc_0.9237.pth|<LOCAL_THYROID_ROOT>\aul_roi_runs_ggg_mca_clean_5fold_safe\20260426_201414\epoch011_auc_0.9232.pth
aul,oracle,4,test,0.85,0.48407167196273804,0.8031496062992126,0.8670212765957447,0.7859502460729455,0.8765312701482915,1.0,0.7340425531914894,33,0,25,69,127,<LOCAL_THYROID_ROOT>\aul_roi_runs_ggg_mca_clean_5fold_safe\20260426_201414,<LOCAL_THYROID_ROOT>\aul\aul_voc_roi_v1,<LOCAL_THYROID_ROOT>\aul_roi_runs_ggg_mca_clean_5fold_safe\20260426_201414\epoch013_auc_0.9237.pth|<LOCAL_THYROID_ROOT>\aul_roi_runs_ggg_mca_clean_5fold_safe\20260426_201414\epoch011_auc_0.9232.pth
aul,auto,0,val,0.84,0.0461910255253315,0.8627450980392157,0.8630681818181818,0.8193319838056681,0.9034090909090909,0.8636363636363636,0.8625,19,3,11,69,102,<LOCAL_THYROID_ROOT>\aul_roi_runs_ggg_mca_clean_5fold_safe\20260426_200624,<LOCAL_THYROID_ROOT>\eval_reports\busi_aul_detector_box_quality_auto_20260504_165040\pred_voc_roots\aul_fold0_predbox,<LOCAL_THYROID_ROOT>\aul_roi_runs_ggg_mca_clean_5fold_safe\20260426_200624\epoch001_auc_0.9420.pth
aul,auto,0,test,0.84,0.0461910255253315,0.7874015748031497,0.7875564152159897,0.7519710669077757,0.8820116054158608,0.7878787878787878,0.7872340425531915,26,7,20,74,127,<LOCAL_THYROID_ROOT>\aul_roi_runs_ggg_mca_clean_5fold_safe\20260426_200624,<LOCAL_THYROID_ROOT>\eval_reports\busi_aul_detector_box_quality_auto_20260504_165040\pred_voc_roots\aul_fold0_predbox,<LOCAL_THYROID_ROOT>\aul_roi_runs_ggg_mca_clean_5fold_safe\20260426_200624\epoch001_auc_0.9420.pth
aul,auto,1,val,0.8,0.06737054139375687,0.6176470588235294,0.7328767123287672,0.6167260815107428,0.7397260273972602,1.0,0.4657534246575342,29,0,39,34,102,<LOCAL_THYROID_ROOT>\aul_roi_runs_ggg_mca_clean_5fold_safe\20260426_200747,<LOCAL_THYROID_ROOT>\eval_reports\busi_aul_detector_box_quality_auto_20260504_165040\pred_voc_roots\aul_fold1_predbox,<LOCAL_THYROID_ROOT>\aul_roi_runs_ggg_mca_clean_5fold_safe\20260426_200747\epoch001_auc_0.7681.pth
aul,auto,1,test,0.8,0.06737054139375687,0.6220472440944882,0.7348484848484849,0.6167002012072434,0.8372018052869117,0.9696969696969697,0.5,32,1,47,47,127,<LOCAL_THYROID_ROOT>\aul_roi_runs_ggg_mca_clean_5fold_safe\20260426_200747,<LOCAL_THYROID_ROOT>\eval_reports\busi_aul_detector_box_quality_auto_20260504_165040\pred_voc_roots\aul_fold1_predbox,<LOCAL_THYROID_ROOT>\aul_roi_runs_ggg_mca_clean_5fold_safe\20260426_200747\epoch001_auc_0.7681.pth
aul,auto,2,val,0.84,0.06100984662771225,0.8921568627450981,0.8687396807925152,0.8522712310730745,0.9047881122729774,0.8260869565217391,0.9113924050632911,19,4,7,72,102,<LOCAL_THYROID_ROOT>\aul_roi_runs_ggg_mca_clean_5fold_safe\20260426_200911,<LOCAL_THYROID_ROOT>\eval_reports\busi_aul_detector_box_quality_auto_20260504_165040\pred_voc_roots\aul_fold2_predbox,<LOCAL_THYROID_ROOT>\aul_roi_runs_ggg_mca_clean_5fold_safe\20260426_200911\epoch003_auc_0.9516.pth|<LOCAL_THYROID_ROOT>\aul_roi_runs_ggg_mca_clean_5fold_safe\20260426_200911\epoch001_auc_0.9510.pth
aul,auto,2,test,0.84,0.06100984662771225,0.7637795275590551,0.7224371373307543,0.7092490842490843,0.8223726627981948,0.6363636363636364,0.8085106382978723,21,12,18,76,127,<LOCAL_THYROID_ROOT>\aul_roi_runs_ggg_mca_clean_5fold_safe\20260426_200911,<LOCAL_THYROID_ROOT>\eval_reports\busi_aul_detector_box_quality_auto_20260504_165040\pred_voc_roots\aul_fold2_predbox,<LOCAL_THYROID_ROOT>\aul_roi_runs_ggg_mca_clean_5fold_safe\20260426_200911\epoch003_auc_0.9516.pth|<LOCAL_THYROID_ROOT>\aul_roi_runs_ggg_mca_clean_5fold_safe\20260426_200911\epoch001_auc_0.9510.pth
aul,auto,3,val,0.73,0.49411219358444214,0.7920792079207921,0.8360403863037753,0.7880059970014992,0.8191395961369621,0.9705882352941176,0.7014925373134329,33,1,20,47,101,<LOCAL_THYROID_ROOT>\aul_roi_runs_ggg_mca_clean_5fold_safe\20260426_201108,<LOCAL_THYROID_ROOT>\eval_reports\busi_aul_detector_box_quality_auto_20260504_165040\pred_voc_roots\aul_fold3_predbox,<LOCAL_THYROID_ROOT>\aul_roi_runs_ggg_mca_clean_5fold_safe\20260426_201108\epoch008_auc_0.8314.pth|<LOCAL_THYROID_ROOT>\aul_roi_runs_ggg_mca_clean_5fold_safe\20260426_201108\epoch006_auc_0.8310.pth
aul,auto,3,test,0.73,0.49411219358444214,0.6377952755905512,0.7553191489361701,0.6326710261569417,0.8707285622179239,1.0,0.5106382978723404,33,0,46,48,127,<LOCAL_THYROID_ROOT>\aul_roi_runs_ggg_mca_clean_5fold_safe\20260426_201108,<LOCAL_THYROID_ROOT>\eval_reports\busi_aul_detector_box_quality_auto_20260504_165040\pred_voc_roots\aul_fold3_predbox,<LOCAL_THYROID_ROOT>\aul_roi_runs_ggg_mca_clean_5fold_safe\20260426_201108\epoch008_auc_0.8314.pth|<LOCAL_THYROID_ROOT>\aul_roi_runs_ggg_mca_clean_5fold_safe\20260426_201108\epoch006_auc_0.8310.pth
aul,auto,4,val,0.84,0.49814772605895996,0.8613861386138614,0.8810526315789473,0.834037558685446,0.9063157894736842,0.92,0.8421052631578947,23,2,12,64,101,<LOCAL_THYROID_ROOT>\aul_roi_runs_ggg_mca_clean_5fold_safe\20260426_201414,<LOCAL_THYROID_ROOT>\eval_reports\busi_aul_detector_box_quality_auto_20260504_165040\pred_voc_roots\aul_fold4_predbox,<LOCAL_THYROID_ROOT>\aul_roi_runs_ggg_mca_clean_5fold_safe\20260426_201414\epoch013_auc_0.9237.pth|<LOCAL_THYROID_ROOT>\aul_roi_runs_ggg_mca_clean_5fold_safe\20260426_201414\epoch011_auc_0.9232.pth
aul,auto,4,test,0.84,0.49814772605895996,0.7716535433070866,0.7965828497743391,0.7436129481378351,0.84107027724049,0.8484848484848485,0.7446808510638298,28,5,24,70,127,<LOCAL_THYROID_ROOT>\aul_roi_runs_ggg_mca_clean_5fold_safe\20260426_201414,<LOCAL_THYROID_ROOT>\eval_reports\busi_aul_detector_box_quality_auto_20260504_165040\pred_voc_roots\aul_fold4_predbox,<LOCAL_THYROID_ROOT>\aul_roi_runs_ggg_mca_clean_5fold_safe\20260426_201414\epoch013_auc_0.9237.pth|<LOCAL_THYROID_ROOT>\aul_roi_runs_ggg_mca_clean_5fold_safe\20260426_201414\epoch011_auc_0.9232.pth
aul,full,0,val,0.79,0.08339844644069672,0.7941176470588235,0.7534090909090909,0.7254901960784315,0.7914772727272728,0.6818181818181818,0.825,15,7,14,66,102,<LOCAL_THYROID_ROOT>\aul_roi_runs_ggg_mca_clean_5fold_safe\20260426_200624,<LOCAL_THYROID_ROOT>\aul\aul_voc_roi_v1,<LOCAL_THYROID_ROOT>\aul_roi_runs_ggg_mca_clean_5fold_safe\20260426_200624\epoch001_auc_0.9420.pth
aul,full,0,test,0.79,0.08339844644069672,0.7322834645669292,0.6716634429400387,0.664751552795031,0.7333978078658929,0.5454545454545454,0.7978723404255319,18,15,19,75,127,<LOCAL_THYROID_ROOT>\aul_roi_runs_ggg_mca_clean_5fold_safe\20260426_200624,<LOCAL_THYROID_ROOT>\aul\aul_voc_roi_v1,<LOCAL_THYROID_ROOT>\aul_roi_runs_ggg_mca_clean_5fold_safe\20260426_200624\epoch001_auc_0.9420.pth
aul,full,1,val,0.72,0.11548081040382385,0.6862745098039216,0.6353330184222957,0.6292594275329395,0.6584789796882381,0.5172413793103449,0.7534246575342466,15,14,18,55,102,<LOCAL_THYROID_ROOT>\aul_roi_runs_ggg_mca_clean_5fold_safe\20260426_200747,<LOCAL_THYROID_ROOT>\aul\aul_voc_roi_v1,<LOCAL_THYROID_ROOT>\aul_roi_runs_ggg_mca_clean_5fold_safe\20260426_200747\epoch001_auc_0.7681.pth
aul,full,1,test,0.72,0.11548081040382385,0.7244094488188977,0.6565119277885235,0.6517822169996084,0.7324306898774984,0.5151515151515151,0.7978723404255319,17,16,19,75,127,<LOCAL_THYROID_ROOT>\aul_roi_runs_ggg_mca_clean_5fold_safe\20260426_200747,<LOCAL_THYROID_ROOT>\aul\aul_voc_roi_v1,<LOCAL_THYROID_ROOT>\aul_roi_runs_ggg_mca_clean_5fold_safe\20260426_200747\epoch001_auc_0.7681.pth
aul,full,2,val,0.78,0.11944908648729324,0.7745098039215687,0.7157402311502477,0.6993464052287581,0.7605943863511282,0.6086956521739131,0.8227848101265823,14,9,14,65,102,<LOCAL_THYROID_ROOT>\aul_roi_runs_ggg_mca_clean_5fold_safe\20260426_200911,<LOCAL_THYROID_ROOT>\aul\aul_voc_roi_v1,<LOCAL_THYROID_ROOT>\aul_roi_runs_ggg_mca_clean_5fold_safe\20260426_200911\epoch003_auc_0.9516.pth|<LOCAL_THYROID_ROOT>\aul_roi_runs_ggg_mca_clean_5fold_safe\20260426_200911\epoch001_auc_0.9510.pth
aul,full,2,test,0.78,0.11944908648729324,0.7637795275590551,0.6634429400386848,0.6726804123711341,0.7401676337846551,0.45454545454545453,0.8723404255319149,15,18,12,82,127,<LOCAL_THYROID_ROOT>\aul_roi_runs_ggg_mca_clean_5fold_safe\20260426_200911,<LOCAL_THYROID_ROOT>\aul\aul_voc_roi_v1,<LOCAL_THYROID_ROOT>\aul_roi_runs_ggg_mca_clean_5fold_safe\20260426_200911\epoch003_auc_0.9516.pth|<LOCAL_THYROID_ROOT>\aul_roi_runs_ggg_mca_clean_5fold_safe\20260426_200911\epoch001_auc_0.9510.pth
aul,full,3,val,0.67,0.7338343262672424,0.7524752475247525,0.7047848990342406,0.7116592440333447,0.7919227392449517,0.5588235294117647,0.8507462686567164,19,15,10,57,101,<LOCAL_THYROID_ROOT>\aul_roi_runs_ggg_mca_clean_5fold_safe\20260426_201108,<LOCAL_THYROID_ROOT>\aul\aul_voc_roi_v1,<LOCAL_THYROID_ROOT>\aul_roi_runs_ggg_mca_clean_5fold_safe\20260426_201108\epoch008_auc_0.8314.pth|<LOCAL_THYROID_ROOT>\aul_roi_runs_ggg_mca_clean_5fold_safe\20260426_201108\epoch006_auc_0.8310.pth
aul,full,3,test,0.67,0.7338343262672424,0.7716535433070866,0.6982591876208897,0.7002035002035002,0.7553191489361702,0.5454545454545454,0.851063829787234,18,15,14,80,127,<LOCAL_THYROID_ROOT>\aul_roi_runs_ggg_mca_clean_5fold_safe\20260426_201108,<LOCAL_THYROID_ROOT>\aul\aul_voc_roi_v1,<LOCAL_THYROID_ROOT>\aul_roi_runs_ggg_mca_clean_5fold_safe\20260426_201108\epoch008_auc_0.8314.pth|<LOCAL_THYROID_ROOT>\aul_roi_runs_ggg_mca_clean_5fold_safe\20260426_201108\epoch006_auc_0.8310.pth
aul,full,4,val,0.76,0.8251127004623413,0.8217821782178217,0.7742105263157895,0.7669230769230769,0.8005263157894736,0.68,0.868421052631579,17,8,10,66,101,<LOCAL_THYROID_ROOT>\aul_roi_runs_ggg_mca_clean_5fold_safe\20260426_201414,<LOCAL_THYROID_ROOT>\aul\aul_voc_roi_v1,<LOCAL_THYROID_ROOT>\aul_roi_runs_ggg_mca_clean_5fold_safe\20260426_201414\epoch013_auc_0.9237.pth|<LOCAL_THYROID_ROOT>\aul_roi_runs_ggg_mca_clean_5fold_safe\20260426_201414\epoch011_auc_0.9232.pth
aul,full,4,test,0.76,0.8251127004623413,0.7637795275590551,0.7126047711154094,0.704192546583851,0.7591876208897486,0.6060606060606061,0.8191489361702128,20,13,17,77,127,<LOCAL_THYROID_ROOT>\aul_roi_runs_ggg_mca_clean_5fold_safe\20260426_201414,<LOCAL_THYROID_ROOT>\aul\aul_voc_roi_v1,<LOCAL_THYROID_ROOT>\aul_roi_runs_ggg_mca_clean_5fold_safe\20260426_201414\epoch013_auc_0.9237.pth|<LOCAL_THYROID_ROOT>\aul_roi_runs_ggg_mca_clean_5fold_safe\20260426_201414\epoch011_auc_0.9232.pth
